"","x"
"hsa-miR-1269a",1.6082032009324
"hsa-miR-184",2.24664185090501
"hsa-miR-187-5p",1.1207591266584
"hsa-miR-205-5p",2.55761407042246
"hsa-miR-105-5p",1.06706018155184
"hsa-miR-203b-5p",1.02128963186553
"hsa-miR-577",0.311303008951212
"hsa-miR-449a",1.48507262084013
"hsa-miR-135b-5p",0.395643372663298
"hsa-miR-375",1.52725352262284
"hsa-miR-767-5p",1.05221779633351
"hsa-miR-196a-5p",1.61973281457683
"hsa-miR-210-5p",2.49992862288207
"hsa-miR-1269b",0.686831009330235
"hsa-miR-934",1.00870206340961
"hsa-miR-224-5p",1.95660093984087
"hsa-miR-203a-3p",1.18792693133097
"hsa-miR-190b",2.46630448996866
"hsa-miR-6510-5p",2.26921900872467
"hsa-miR-9-5p",0.49152864971094
"hsa-miR-5683",2.77191296061161
"hsa-miR-153-5p",0.105010490173894
"hsa-miR-1247-5p",2.62821720283634
"hsa-miR-150-5p",0.873470810757786
"hsa-miR-519a-5p",0.358263433212414
"hsa-miR-149-5p",0.0972048761451498
"hsa-miR-452-5p",2.27986072837167
"hsa-miR-3607-5p",0.0438756601699097
"hsa-miR-20b-5p",1.05670998161866
"hsa-miR-4326",1.38044264766364
"hsa-miR-508-5p",0.0509659909386251
"hsa-miR-31-5p",0.402975685167902
"hsa-miR-675-5p",1.39231972108413
"hsa-miR-33b-5p",1.7932483077715
"hsa-miR-451a",2.65729696142193
"hsa-miR-935",0.450294688242874
"hsa-miR-3065-5p",1.43599396558554
"hsa-miR-196b-5p",0.236236382513098
"hsa-miR-363-5p",0.303152900880802
"hsa-miR-142-5p",1.58331957197543
"hsa-miR-628-5p",0.321603609822295
"hsa-miR-455-5p",0.651478945999897
"hsa-miR-937-5p",1.29684389319471
"hsa-miR-449b-5p",0.814842088649374
"hsa-miR-1251-5p",0.544928579384066
"hsa-miR-3677-5p",1.67673828794949
"hsa-miR-204-5p",3.22120108867066
"hsa-miR-885-5p",0.0892588367888996
"hsa-miR-615-5p",0.634049442634634
"hsa-miR-301a-5p",1.42425962037292
"hsa-miR-323b-5p",0.398653414080589
"hsa-miR-3200-5p",1.00861471370016
"hsa-miR-6087",0.272000709711382
"hsa-miR-4728-5p",0.26338405811186
"hsa-miR-33a-5p",1.09006580323027
"hsa-miR-144-5p",2.30793991924998
"hsa-miR-483-5p",1.88569153154748
"hsa-miR-3150b-5p",0.612755477558457
"hsa-miR-412-5p",0.381436191226748
"hsa-miR-2115-5p",0.0411690726786674
"hsa-miR-326",1.44127127465283
"hsa-miR-1224-5p",0.649288371016589
"hsa-miR-345-5p",0.677152459295991
"hsa-miR-940",1.41687525956685
"hsa-miR-153-3p",0.147919365583441
"hsa-miR-18a-5p",0.924892554776608
"hsa-miR-511-5p",2.0765722096003
"hsa-miR-887-5p",0.227281461797417
"hsa-miR-642a-5p",0.0585487031618483
"hsa-miR-30a-5p",0.637628529226243
"hsa-miR-760",1.30161522254844
"hsa-miR-516a-5p",0.214831989176651
"hsa-miR-3605-5p",0.115819516016043
"hsa-miR-592",2.35930324984295
"hsa-miR-4724-5p",1.17042779423367
"hsa-miR-217",0.618759311772437
"hsa-miR-146a-5p",0.0146813296258825
"hsa-miR-3614-5p",0.799145240664798
"hsa-miR-10a-5p",0.787376531902289
"hsa-miR-335-5p",1.89706365717969
"hsa-miR-429",2.31139372130716
"hsa-miR-3648",0.845608506657478
"hsa-miR-338-5p",0.147743884455692
"hsa-miR-296-5p",1.35498955780581
"hsa-miR-106a-5p",0.706271127950585
"hsa-miR-7156-5p",0.844726768879966
"hsa-miR-4772-5p",0.107435612461213
"hsa-miR-503-5p",1.16411512005113
"hsa-miR-1304-5p",0.326362902525588
"hsa-miR-337-5p",2.13225231797116
"hsa-miR-526b-5p",0.767478738263416
"hsa-miR-19a-5p",0.796840677021645
"hsa-miR-519a-3p",0.170917655547445
"hsa-miR-539-5p",1.14519400702065
"hsa-miR-328-5p",1.14898636164846
"hsa-miR-410-5p",0.677814020946604
"hsa-miR-424-5p",0.296182348003926
"hsa-miR-223-5p",0.874695203887369
"hsa-miR-155-5p",0.969145279509157
"hsa-miR-7702",0.333500317894337
"S100A7",2.09966742390518
"PIP",3.25845139022605
"ADIPOQ",6.87263910778544
"MYBPC1",4.74958411856504
"GRIA2",1.58895403036889
"CGA",2.3618116754018
"COL2A1",1.00005985880029
"CEACAM5",3.7406148030376
"KRT14",4.75855728929193
"KRT5",4.50348491663391
"LTF",2.99253162014187
"LRP2",2.10055540515885
"AGR2",1.11530651793206
"BMPR1B",2.01311697682523
"NPY1R",1.53876504917654
"KRT6A",0.768810899119759
"GFRA1",0.903781399420238
"DSG3",3.53088986123349
"VGLL1",3.47623280445426
"CP",2.0749811967583
"KLK6",3.40245082803574
"LBP",1.68774603052301
"CASP14",1.62992816649279
"PTPRT",1.44886906520062
"SLC6A4",0.936389832462256
"KRT81",0.882727209503638
"PIGR",5.37836148242756
"ORM1",2.11742308484715
"SYT9",0.0664536730908399
"KRT17",3.66632100283665
"FGB",0.604065610022211
"C7",3.50776423842413
"FABP4",6.02370153402044
"PPP1R1B",2.31463258971175
"TNNT1",4.45727587536027
"EEF1A2",2.37912441035012
"PDZK1",1.29854661108015
"RPS28",0.126981775678532
"TRH",0.703865937216236
"WNK4",0.40391570563359
"CLIC6",0.894819454689236
"LEP",7.28704079841746
"ERBB4",1.31187168465129
"CNTNAP2",3.12948578515564
"LCN2",1.49253209895987
"IGSF1",2.91995184748319
"LRP1B",2.57863625806411
"FOLR1",3.62669862665583
"CHGB",0.926440228530375
"CR2",0.972422130342204
"S100A8",0.410388925375019
"CCL21",3.78804038060841
"PLA2G2A",2.48267300857891
"DLK1",4.90592855109387
"ROBO2",0.305691872140215
"MMP1",5.55824212998344
"CCL19",0.184856584124027
"FGG",0.601467514187771
"CXCL13",2.02632279725667
"PEG10",1.39697435539984
"DSC3",3.4650578655878
"PTPRZ1",4.72401279745736
"ALB",4.74960732615515
"COL17A1",4.81330452153774
"S100P",5.09318074941527
"EDN3",5.17381764875061
"MS4A1",0.0561549055206836
"SERPINA5",0.709226534768686
"GPR26",0.0549783756288993
"SFRP1",4.86783627410921
"TMPRSS6",1.432763270262
"DCX",2.78630235225632
"CHGA",1.3816424500696
"SYT1",0.215157494131616
"GPD1",5.97036223345873
"GABRB3",1.63544652450527
"GRB14",0.615848751123811
"GJB1",1.78834378445707
"NPY5R",3.38257193006452
"MAGEA1",1.48983932500766
"DARC",3.65282864264665
"SOSTDC1",4.39483491738241
"KRT15",3.49210765177992
"RIMS2",0.0920624907527323
"VIPR2",1.68642336156471
"MAPK4",3.08701208684854
"FGFBP1",4.71244799133187
"SAA1",4.66785592837256
"F7",1.5610335445861
"AFP",3.45709269664753
"AGTR1",2.32825328015012
"MMP13",6.22899375508688
"FGF10",3.09510043762367
"CD177",1.95909953684039
"DKK1",0.068345382003382
"TNNI3",2.24046574772907
"SLPI",2.4338543839083
"HP",1.98716507512588
"TF",4.51302319600261
"TRIM29",3.31396144006544
"ADNP",0.130502012469668
"AEBP2",0.606305750827421
"AFF1",0.873324733170103
"AFF4",0.434329622142171
"AHR",1.17704995333107
"AHRR",0.587848921952363
"AIRE",0.104809402831245
"ALX1",1.01219753933677
"ALX4",3.31556765221703
"ANKZF1",0.00226905376510178
"AR",1.0783388641023
"ARID1A",0.00656271860771529
"ARID1B",0.522847042934549
"ARID2",0.135844303547167
"ARID3A",0.785502551347752
"ARID3B",0.119017166213209
"ARID4A",0.965154421604714
"ARID5A",1.32248478611591
"ARNT",0.428594641040061
"ARNT2",1.16323392652046
"ARNTL",0.287555168334052
"ARNTL2",0.211047269639836
"ASCL1",1.78563533861511
"ASCL2",1.5636556190942
"ASH1L",0.512209485523254
"ASH2L",0.109406143576505
"ATF1",0.353825730752489
"ATF2",0.612573215837814
"ATF3",2.42324265357638
"ATF4",0.174869855025259
"ATF5",0.711694870659578
"ATF6",0.035809130987543
"ATF6B",0.442181383179458
"ATF7",0.894193343905453
"ATOH1",0.00168830758025518
"ATRX",0.683494994162689
"ATXN7",0.675852580212598
"BACH1",0.652494013039526
"BACH2",2.01118016954997
"BARX1",0.650441685431814
"BARX2",1.51253993000359
"BATF",1.21181652697955
"BATF3",0.108314508023972
"BCL11A",2.11869278492753
"BCL11B",0.687089461262575
"BCL3",0.965290467663849
"BCL6",1.32513502727672
"BCL6B",0.795617802863059
"BCLAF1",0.433151035052421
"BHLHE40",0.154298169197761
"BHLHE41",1.70702853463602
"BMP2",2.55708631768203
"BNC2",0.734202518018066
"BPTF",0.406861533224812
"BRCA1",0.671484639739718
"CARHSP1",0.17498427104887
"CBFB",0.137829782707207
"CDC5L",0.0773770694909786
"CDX1",0.684019270958317
"CDX2",0.132965342732863
"CEBPA",1.52290866442889
"CEBPB",0.255466728250139
"CEBPD",0.643423893053381
"CEBPE",0.840293700352418
"CEBPG",0.0399146665560703
"CEBPZ",0.18481625089999
"CENPT",0.297809588841555
"CIC",0.0993657487652522
"CIZ1",0.177147718675059
"CLOCK",0.503042855248731
"CNOT4",0.241852334962265
"CREB1",0.522508982793354
"CREB3",0.408231558843112
"CREB3L1",1.87844719728938
"CREB3L3",0.565611924297243
"CREB3L4",1.29815541637303
"CREB5",2.36976554593134
"CREBBP",0.354026051025447
"CREBZF",0.151588199808012
"CREM",0.0342435031677146
"CRX",0.098298649254609
"CTCF",0.133654856168898
"CUX1",0.210914515516262
"CUX2",2.34098909238986
"CXXC1",0.0999039120736853
"DACH1",0.769667547951622
"DBP",0.0315061055416357
"DDB2",0.472791528652346
"DDIT3",0.00759802170905299
"DEAF1",0.197230537919325
"DLX1",0.275360385088162
"DLX2",0.750071319328522
"DLX3",0.696965861593663
"DLX4",1.1992405608762
"DLX5",1.21856965950546
"DMAP1",0.0299123009635469
"DMRTB1",0.0335407359782272
"DMTF1",0.374264616959126
"DNAJC1",1.07996207959573
"DNMT1",0.809688951863777
"DNMT3A",0.799247639784038
"DNMT3B",1.02839824670645
"DNMT3L",0.0363917586238731
"DPF1",1.03214193365483
"DPF2",0.0442316206890752
"DR1",0.0010864999771254
"DRAP1",1.11838962123704
"E2F1",2.45623136478681
"E2F2",2.12283163538394
"E2F3",0.585227098113864
"E2F4",0.0554092133214645
"E2F5",0.854243194153335
"E2F6",0.0320841479046461
"E4F1",0.959147228070253
"EBF1",2.96649714150526
"EGR1",2.94421704440724
"EGR2",2.51316339393682
"EGR4",0.287848439320531
"EHF",1.89276919755564
"ELF1",0.407830271860382
"ELF2",0.435694598111376
"ELF3",0.385174268569696
"ELF4",0.239779770035363
"ELF5",3.98346973610327
"ELK1",0.441213858048639
"ELK3",0.99069945229163
"ELK4",0.369558682012172
"EMX2",1.45338491543174
"EN1",0.282960377794879
"EN2",0.550297295178642
"ENO1",0.101057778804359
"EOMES",0.286080940760693
"EPAS1",1.86677292304144
"ERF",0.188777177345787
"ERG",1.81593477221955
"ESR1",0.0217893897401158
"ESR2",1.89729557657668
"ESRRA",0.278143638554229
"ESRRB",1.02001439469204
"ESRRG",0.896135171681294
"ETS1",1.02314032068891
"ETS2",1.42772759345408
"ETV1",1.58679863727442
"ETV3",0.798104002853787
"ETV4",0.284988886393241
"ETV5",1.47868644557253
"ETV6",0.499672054063515
"EZH1",1.38769930406245
"EZH2",2.05913170352282
"FIZ1",0.400255846223273
"FLI1",1.29747841156658
"FOS",2.69568790227977
"FOSB",4.07327856168334
"FOSL1",0.747302107369733
"FOSL2",0.417276412133648
"FOXA1",0.928150858801637
"FOXA2",0.0718179441096396
"FOXA3",0.234772752128609
"FOXC1",1.75193400243971
"FOXD3",1.72560988186195
"FOXE1",1.23972909568407
"FOXF2",0.0689427277001446
"FOXG1",0.449858730279102
"FOXH1",1.74918379503214
"FOXJ3",0.474800656114492
"FOXK2",0.526608047103754
"FOXL1",0.00647477884604492
"FOXL2",0.017782864358904
"FOXM1",3.30237003957008
"FOXN3",1.66727020286102
"FOXO1",1.99399091844029
"FOXO3",0.716938518351762
"FOXO4",1.12973743115456
"FOXP1",0.518578199768399
"FOXP2",2.91326213106717
"FOXP3",2.01840790061124
"FOXP4",0.445829028992942
"FOXS1",1.31694737381498
"FUBP1",0.0949690557669509
"FUBP3",0.100057509797765
"GABPA",0.71068355776036
"GABPB1",0.214697907626838
"GATA1",0.00380040233442891
"GATA2",0.210199076791784
"GATA3",0.97365166833448
"GATA4",1.3583420800397
"GATA5",1.09480084631537
"GATA6",0.865687814940657
"GATAD2A",0.436135013965376
"GATAD2B",0.0311971526997352
"GCM1",0.209215248552546
"GFI1",0.261934951682621
"GFI1B",0.339321249051284
"GLI1",1.08253149112626
"GLI2",0.934751959525062
"GLI3",0.616384690174272
"GMEB1",0.230918246658989
"GMEB2",0.297742591423862
"GSC",0.428651475247872
"GTF2I",0.356686947059352
"GTF3A",0.397987385603888
"HAND1",0.0715523769096009
"HAND2",1.50341694352615
"HBP1",0.68602827326227
"HES1",0.047161918176748
"HES6",2.51535387398209
"HESX1",0.0850208893937483
"HEY1",0.754097339670385
"HEY2",1.83458125205518
"HEYL",1.01416477820456
"HHEX",0.384344235162132
"HIC1",0.752109353908129
"HIC2",0.407364484668494
"HIF1A",0.141670712502414
"HIF3A",5.13748451757059
"HIVEP1",0.393075002833637
"HIVEP2",0.855036971696102
"HIVEP3",0.449652546651672
"HLF",3.85115018526563
"HLTF",0.19272011201762
"HMG20A",0.202282793712111
"HMG20B",0.929495546254009
"HMGA1",1.31924181815375
"HMGA2",1.09644372515422
"HMGXB3",0.0167121219033248
"HMGXB4",0.0718776729302153
"HNF1A",0.308450924724751
"HNF1B",0.0884460131036029
"HNF4A",0.264920246308956
"HNF4G",0.530244590454045
"HOPX",0.965895788621604
"HOXA1",1.17706281761466
"HOXA10",1.68974011764458
"HOXA11",0.753750234983372
"HOXA13",0.894053612254534
"HOXA2",2.93909606453027
"HOXA3",2.47561971322992
"HOXA5",3.13345754424711
"HOXA7",2.7174077636246
"HOXA9",2.63475554014368
"HOXB1",0.306346464489786
"HOXB13",3.24529014297872
"HOXB2",0.454310899689407
"HOXB3",0.188575574203267
"HOXB4",0.609426195812496
"HOXB6",0.494886123520962
"HOXB7",0.048556160652693
"HOXB8",0.956609449768264
"HOXB9",1.16344287558534
"HOXC10",1.61414801535252
"HOXC13",2.26103597290816
"HOXC4",0.603733894655653
"HOXC8",0.390929621309217
"HOXC9",0.353547165526777
"HOXD10",1.46697787482664
"HOXD11",0.348359233092246
"HOXD12",0.0382576284561278
"HOXD13",0.546573078206034
"HOXD4",1.55951820075131
"HOXD8",0.971086714233723
"HOXD9",1.15988209657264
"HSF1",0.616021430610824
"HSF2",0.355297841823445
"HSF4",0.25726402840166
"HSFX1",0.146919108109475
"ID1",1.0951674872146
"ID2",0.116121813482551
"ID3",0.376315437099189
"ID4",3.2163415292206
"IFI16",0.773315467511943
"IKZF1",0.210967577954229
"IKZF2",0.312267380789154
"IKZF3",0.461554798556157
"IKZF4",0.54272675708402
"IKZF5",0.642282624624344
"INSM1",2.24518509179987
"IRF1",0.400337440377102
"IRF2",0.271251218326844
"IRF3",0.494116357604438
"IRF4",1.31610633105085
"IRF5",0.703512418886003
"IRF7",1.76922027127883
"IRF8",0.225237789696838
"IRF9",0.882930790561804
"IRX4",2.07861106201258
"ISL1",0.719195197452181
"ISL2",0.654312696516281
"JARID2",0.391285627897876
"JDP2",0.467219592559207
"JUN",1.47002561517518
"JUNB",0.409849963710448
"JUND",0.48624467362974
"KAT5",0.130800279515441
"KCMF1",0.0167458653363886
"KCNIP3",0.378411064540261
"KHSRP",0.248973907273352
"KIAA1549",0.140691298391588
"KLF1",1.1614598270186
"KLF10",1.38956637813854
"KLF11",1.40938837284436
"KLF12",0.713355933926598
"KLF13",0.948780566207804
"KLF16",0.95707782032578
"KLF2",1.34025125046433
"KLF3",0.620565105196993
"KLF4",2.54456666542405
"KLF5",1.82134373894615
"KLF6",1.471080083985
"KLF8",1.54204344818555
"KLF9",1.77519032794122
"L3MBTL2",0.177814135486461
"LEF1",1.63332098295101
"LHX1",0.985784490462635
"LHX2",2.276794343897
"LHX3",0.193127415595934
"LHX4",0.513513087368685
"LHX9",0.631805336244412
"LMX1A",2.29800031078421
"LMX1B",0.151632143182748
"LYAR",0.0326949187800607
"LYL1",0.0694585093967548
"MAF",1.20358953481903
"MAF1",0.195817845998305
"MAFA",0.423413655373543
"MAFB",0.169365794608878
"MAFF",1.60808735249915
"MAFG",0.429942975730913
"MAFK",0.230764852441104
"MATR3",0.472295867819843
"MAX",0.0535993003393633
"MAZ",1.39764178047793
"MBD1",0.191948635339031
"MBD2",0.166096235253864
"MBD3",0.402588978690263
"MBD4",0.204399002949017
"MECP2",0.591883980602751
"MEF2A",0.783687909283543
"MEF2B",0.0717762235429867
"MEF2C",1.36158220931263
"MEF2D",0.0408765385665655
"MEIS1",1.30117376754554
"MEIS2",2.14403145674929
"MEIS3",0.666084991486596
"MEOX1",3.41673004184315
"MEOX2",3.33719251278733
"MGA",0.627482764320898
"MIER1",0.479174770824799
"MITF",1.35365598849146
"MLLT1",0.232498203648183
"MLLT10",0.53123006869304
"MLLT3",0.552954734701184
"MLLT4",0.71333034129814
"MLLT6",0.438581386659235
"MLX",0.156156542706843
"MLXIP",0.783050088876617
"MLXIPL",3.61628028263793
"MNT",0.0822698630096284
"MSC",0.634099007959091
"MSX1",0.782276587624531
"MSX2",0.50419693993352
"MTA1",0.205749861218675
"MTA2",0.322998421949214
"MTF1",0.528881571971731
"MTF2",0.119502810781274
"MXD1",0.150005507901245
"MXD3",1.25304129459584
"MXD4",0.25428194891045
"MXI1",1.26310888373226
"MYB",0.478440961740036
"MYBL1",1.16714217126468
"MYBL2",3.60353943294259
"MYC",1.34911062364232
"MYCN",0.582299090827453
"MYF5",0.0216958703709
"MYF6",0.734562657250962
"MYOD1",0.149111285462495
"MYOG",0.615776845787156
"MYT1",2.7059334190109
"MZF1",0.169568695933368
"NCOA1",0.820847141187208
"NCOA2",0.89539268076542
"NCOA3",0.119920079574883
"NCOA4",0.594331327968715
"NCOA5",0.211488436044871
"NCOA6",0.106637911159703
"NCOR1",0.615464377953026
"NCOR2",0.103085492776496
"NEUROD1",0.093042960233567
"NEUROD2",0.156792263480448
"NEUROD6",0.0521236872508171
"NEUROG1",0.0116000637779292
"NEUROG2",3.66088185429864
"NFAT5",1.34462514137018
"NFATC1",0.640352361792182
"NFATC2",1.71946795782172
"NFATC3",0.658618839951723
"NFATC4",0.274132184977841
"NFE2",0.706790932718113
"NFE2L1",0.333237064764369
"NFE2L2",0.683282515185106
"NFE2L3",0.569510900014658
"NFIA",0.899598199602476
"NFIB",2.44060966975705
"NFIC",0.355473578424625
"NFIL3",1.21818315936753
"NFIX",1.2742465323324
"NFKB1",0.294940355173487
"NFKB2",0.517900085445384
"NFKBIA",0.291107085446617
"NFKBIB",0.804618022833925
"NFKBIE",0.999122558063689
"NFKBIZ",1.49219329283297
"NFRKB",0.493020149861309
"NFX1",0.262234378036736
"NFYA",0.162579461364285
"NFYB",0.339322526578774
"NFYC",0.0412427472115571
"NHLH1",0.19973840476828
"NHLH2",0.187532330646057
"NKRF",0.0350370194711465
"NKX2-1",0.255455148342476
"NKX2-2",1.73867682124026
"NKX2-5",0.431161151883056
"NKX3-1",0.389094212954852
"NOC4L",0.749220945104696
"NONO",0.286842090806553
"NPAS2",0.330899118536924
"NPAS4",2.22095834580151
"NR0B1",1.93239479473081
"NR0B2",0.12632799942135
"NR1D1",0.740317835352855
"NR1D2",1.15214794080337
"NR1H2",0.12492012035719
"NR1H3",0.770454511100583
"NR1H4",0.604914192459469
"NR1I2",0.502687975966402
"NR1I3",0.441885025749381
"NR2C1",0.720378202643696
"NR2C2",0.818891434082755
"NR2F1",1.71638195346373
"NR2F2",0.22707019754981
"NR2F6",1.21915155549212
"NR3C1",1.89547736992153
"NR3C2",2.839671818436
"NR4A1",2.06005326420448
"NR4A2",1.11978167003222
"NR4A3",2.16663210481723
"NR5A1",0.267351348500091
"NR5A2",1.77168879122575
"NR6A1",0.391275049510776
"NRF1",0.17363932503182
"NRL",0.158420007121041
"OLIG2",0.31715919622023
"OLIG3",0.117298818773967
"ONECUT1",0.273042443740445
"OSR1",3.37610407070576
"OTX1",1.7157374013137
"OTX2",0.124828091807985
"PARP1",1.04011614150239
"PATZ1",0.320321590928293
"PAWR",0.0938267018397809
"PAX1",1.52615106579918
"PAX2",1.31247659495112
"PAX3",1.77004810078688
"PAX5",0.252045802168868
"PAX6",0.661020666996165
"PAX7",1.69102035489062
"PAX8",0.132756351361315
"PAX9",1.04285520277036
"PBRM1",0.572751478062579
"PBX1",0.235220602050642
"PBX2",0.0448308283992445
"PBX3",0.227705507000205
"PCBP1",0.191695093445638
"PCBP2",0.230245146672981
"PCGF6",0.24704871257147
"PDX1",0.423223871015778
"PEG3",1.98644276744876
"PGR",1.66578052875662
"PHB",0.494585426827232
"PHB2",0.000529279804731608
"PHOX2A",0.546902356767747
"PITX1",4.64917237844366
"PITX2",0.355656153640763
"PKNOX1",0.0356585489525472
"PKNOX2",2.16740094924625
"PLAG1",1.29193070475351
"PLAGL1",2.20552467537947
"PLAGL2",0.127253416038677
"PLEK",0.122430621221625
"POGZ",0.0461680263219062
"POU1F1",0.0608257223268307
"POU2AF1",0.974319288323463
"POU2F1",0.0708577470198635
"POU2F2",0.0713130232715291
"POU2F3",0.065077840041027
"POU3F1",0.320088191172496
"POU3F2",0.582786066688098
"POU3F3",1.41694587816616
"POU3F4",0.0110925337340548
"POU4F1",0.45322895124885
"POU4F2",0.0479575811148916
"POU5F1",0.904324757076562
"PPARA",1.66704744196462
"PPARD",0.143196767843734
"PPARG",3.14975746877819
"PPP1R13L",0.00491170747675618
"PRDM1",0.0312392369825876
"PRDM16",2.072666947215
"PRDM2",0.685637329465235
"PRDM4",0.00808122130613675
"PREB",0.326893347565484
"PROX1",3.31452703750682
"PRRX1",0.381931073867631
"PRRX2",0.221358782903684
"PSPC1",0.183369175379567
"PURA",0.542756170930014
"PURB",0.327802705137131
"RARA",0.774482032189312
"RARB",1.58038800016035
"RARG",0.000143146661469196
"RAX",0.320649892333274
"RAX2",1.22919343778781
"RBAK",0.0896756402808032
"RBPJ",0.625574044500857
"RCOR1",0.116934233704282
"RCOR2",1.38623498390172
"RCOR3",0.109134373516223
"REL",0.606823120860486
"RELA",0.0168648528830468
"RELB",0.675134365836339
"RERE",0.785408774246439
"REST",0.67283839584279
"RFX1",0.281032629185296
"RFX2",1.39889740964326
"RFX3",0.524325950509925
"RFX4",0.580252667743703
"RFX5",0.68371662226331
"RFX6",2.80883260897871
"RFXANK",0.773437149970145
"RFXAP",0.850431100692692
"RLF",0.635633797093584
"RORA",1.10436631344201
"RORB",1.24906910867072
"RORC",0.111936966477121
"RREB1",0.388994916927147
"RUNX1",0.0344757548340562
"RUNX1T1",2.56859669907077
"RUNX2",0.808941625282648
"RUNX3",0.632595820523354
"RXRA",0.252503715667378
"RXRB",0.0593583812996679
"RXRG",2.79281962254836
"SALL1",0.688361900574835
"SALL2",0.594437824244776
"SATB1",1.64426633586964
"SATB2",0.279433822367918
"SCAPER",0.941552576925394
"SETBP1",1.32010249443259
"SFPQ",0.448183275784306
"SHOX",1.45002389186834
"SIM1",2.63017574540242
"SIM2",1.02981005751241
"SIX1",0.802712146005007
"SIX2",1.83587271188264
"SIX3",0.650997200241719
"SIX4",1.25783369400355
"SIX5",0.270993580430363
"SIX6",0.108094908292586
"SKI",0.815440657403435
"SKIL",0.0806325009149154
"SMAD1",0.269984268504396
"SMAD2",0.411070884857136
"SMAD3",0.664081164290794
"SMAD4",0.737762480881321
"SMAD5",0.652299712807435
"SMAD6",0.533903286763572
"SMAD7",0.198523475807993
"SMAD9",2.31191129294293
"SMARCA1",0.884107200697105
"SMARCA2",0.908739646422031
"SMARCA4",0.85656503405286
"SMARCA5",0.0949775317395751
"SMARCB1",0.435614681648829
"SMARCC1",0.192053064781569
"SMARCC2",0.328062214664775
"SMARCD1",0.0763596678238514
"SMARCD3",0.679967016315011
"SMARCE1",0.0978822440578559
"SNAI1",0.159866762700717
"SNAPC4",0.369774279724744
"SOX1",0.103231010580886
"SOX10",5.06435222137491
"SOX11",1.2253139983621
"SOX13",0.0826171791625496
"SOX17",2.0716676065317
"SOX18",0.78149862182925
"SOX2",1.41051790415996
"SOX3",0.400453411693139
"SOX30",0.0609007652709281
"SOX4",0.524818241139939
"SOX5",2.59315950926121
"SOX6",2.23439849742988
"SOX7",2.06986102314721
"SOX8",2.06274692901524
"SOX9",0.830329566974007
"SP1",0.483799624698842
"SP100",0.227624696546541
"SP110",0.399410920737543
"SP2",0.447693492581638
"SP3",0.273710804247861
"SP4",0.92004046745322
"SPDEF",0.987798992481781
"SPI1",0.693689396045686
"SPIB",0.774053151135908
"SREBF1",0.88423653977381
"SREBF2",0.033120263920928
"SRF",0.569875392461221
"SSRP1",0.247380274571675
"ST18",0.371845376146273
"STAT1",0.766264252081907
"STAT2",0.0175775726935878
"STAT3",0.211746573076192
"STAT4",1.10691770905991
"STAT5A",1.45882703544149
"STAT5B",1.3132499872188
"STAT6",0.546526094412691
"TAF1",0.584650971418447
"TAL1",2.10285895063873
"TAX1BP1",0.0123344157363947
"TBP",0.181342763013484
"TBPL1",0.291317960916679
"TBR1",0.31900585664253
"TBX19",0.681069889459451
"TBX2",0.112949425760759
"TBX4",1.00566822562273
"TBX5",0.769814553954423
"TCF12",0.446041407389725
"TCF19",0.804526006400898
"TCF20",0.122770221515353
"TCF21",2.07786126902966
"TCF25",0.167792990583485
"TCF3",0.758885086162365
"TCF4",1.09824729449897
"TCF7L1",1.55441622252467
"TCF7L2",1.46925093168849
"TEAD1",1.36135934050212
"TEAD2",0.0567822396849618
"TEAD3",0.0173623577941466
"TEAD4",0.983164512398861
"TEF",1.45197493633438
"TERF1",0.0154117999555474
"TFAM",0.198172940687583
"TFAP2A",0.671883656091367
"TFAP2B",2.00687939227664
"TFAP2C",0.922681854183605
"TFB1M",0.0392220035925148
"TFCP2",0.215911129057763
"TFDP1",0.380034901538986
"TFDP2",0.223294687459281
"TFE3",0.440635318288307
"TFEB",0.161910945904607
"TFEC",0.453845628362342
"TGIF1",0.35642294539866
"TGIF2",0.134649175067836
"THAP1",0.123121301756735
"THAP7",0.529941114485136
"THAP8",0.635321127336395
"THRA",1.07902407300129
"THRB",1.97790104860698
"TLX1",1.87476067891942
"TLX2",0.783586158328462
"TLX3",0.697237746240988
"TOE1",0.0178498598511529
"TOPORS",0.549736954113121
"TOX4",0.13284226001826
"TP53",0.131301880367999
"TP63",4.02858579235373
"TP73",0.325903238514496
"TRERF1",0.545818181912148
"TRPS1",0.53329521920878
"TSC22D1",0.956565527566132
"TSC22D3",0.589818825697818
"TSC22D4",0.151434879467612
"TTF1",0.288776074134086
"TTF2",0.193813669550185
"TUB",1.50422858370884
"TWIST1",1.35246278401224
"UBTF",0.350610500791255
"UNK",0.0449322986151479
"USF1",0.716220533953157
"USF2",0.517457008301129
"UTF1",0.179023088305153
"VDR",0.273479652908448
"WIZ",0.357799337359133
"WT1",3.17650710910509
"XBP1",0.552227898700711
"YBX1",0.121596447388297
"YEATS4",0.351561467055751
"YY1",0.0691849234833386
"ZBED1",0.119187449090537
"ZBTB1",0.521087462552438
"ZBTB11",0.249530721477544
"ZBTB12",0.877998769546894
"ZBTB16",4.49486969400878
"ZBTB17",0.338773300955879
"ZBTB2",0.00156366174643274
"ZBTB22",0.0239204181048338
"ZBTB24",0.0163123662929276
"ZBTB25",0.375297795570027
"ZBTB32",0.906639122284445
"ZBTB33",0.456927123091846
"ZBTB43",0.375031299840161
"ZBTB44",0.885285754016105
"ZBTB45",0.469205897203991
"ZBTB48",0.132897263808156
"ZBTB5",0.201528244489454
"ZBTB6",0.0279064065276602
"ZBTB7A",0.111016341090021
"ZBTB7B",0.576470572000354
"ZC3H12A",0.332828317098033
"ZC3H15",0.149858596767785
"ZC3H7B",0.449227142669112
"ZEB1",1.1267336437676
"ZEB2",1.52725633741931
"ZFHX3",0.368558933938909
"ZFP2",1.15904126242086
"ZFP64",0.400324338411461
"ZFP91",0.295243232210148
"ZFPM1",0.881575508936559
"ZFPM2",1.39004061349293
"ZHX1",0.698094452855654
"ZHX2",0.165882525035868
"ZHX3",1.06766605778173
"ZIC1",0.0905367740540988
"ZIC2",0.767082934666139
"ZIC3",0.329363555974898
"ZIC4",0.21028445217949
"ZKSCAN1",0.4793175973208
"ZKSCAN5",0.00673385702991425
"ZNF10",0.849933945348522
"ZNF101",0.0324415868560703
"ZNF107",0.0873224448772945
"ZNF133",0.326218294678024
"ZNF135",0.586123656186202
"ZNF136",0.589671219245479
"ZNF142",0.0554464248317812
"ZNF148",0.366125736843094
"ZNF165",0.357627987271919
"ZNF174",0.33704972338866
"ZNF184",0.00329241210136066
"ZNF197",0.264137853927157
"ZNF20",0.0193958960429326
"ZNF202",0.446109222014023
"ZNF205",0.866218160943239
"ZNF208",1.80057615700387
"ZNF219",0.799892402972607
"ZNF227",0.410837859578051
"ZNF232",0.17951838161905
"ZNF235",0.488259421643878
"ZNF239",0.884036881440573
"ZNF24",0.153229969452749
"ZNF250",0.105400680352148
"ZNF263",0.214132723911987
"ZNF266",0.479883342492798
"ZNF274",0.413613971606386
"ZNF276",0.249212923040545
"ZNF277",0.433203069574994
"ZNF282",0.418787363864162
"ZNF287",0.440487833204844
"ZNF329",0.294611546521342
"ZNF331",0.843464979145344
"ZNF334",1.98477825011077
"ZNF335",0.144185988763164
"ZNF337",0.241832530631723
"ZNF33B",0.829381545168932
"ZNF341",0.483239536604998
"ZNF346",0.00539534215159465
"ZNF350",0.0197716831032255
"ZNF354A",0.0350638577758078
"ZNF382",0.024250805944046
"ZNF384",0.0325924491280336
"ZNF398",0.0462592486122437
"ZNF408",0.550824789529269
"ZNF41",0.417957754859114
"ZNF410",0.0683228086007324
"ZNF414",0.411281005357098
"ZNF417",0.483393477772919
"ZNF423",1.51597845543206
"ZNF426",1.1172444412752
"ZNF431",0.508193418875714
"ZNF439",0.421670685806775
"ZNF44",0.398026602986584
"ZNF440",0.0363495753882761
"ZNF446",0.714277549648966
"ZNF451",0.523956202709303
"ZNF467",1.30344352647237
"ZNF473",0.0538809931540221
"ZNF496",0.010726400989185
"ZNF510",0.670810974641818
"ZNF512B",0.340004644092946
"ZNF516",0.44240914143287
"ZNF521",1.52543625904067
"ZNF557",0.206396001237876
"ZNF558",0.369182244178697
"ZNF559",1.13927854191457
"ZNF579",0.976256170925701
"ZNF580",0.277336501218896
"ZNF581",0.514690480025668
"ZNF585B",0.676675600417666
"ZNF592",0.384358267536832
"ZNF593",0.854845139721126
"ZNF598",0.85730403847256
"ZNF605",0.187964630782279
"ZNF622",0.418569474389654
"ZNF639",0.200066701155688
"ZNF646",0.356181345221648
"ZNF653",0.58067871544769
"ZNF655",0.704600123125752
"ZNF670",0.224770697607716
"ZNF671",0.583218778828392
"ZNF675",0.405676058182242
"ZNF689",0.366239920894592
"ZNF691",0.265058500794132
"ZNF7",0.23551779564453
"ZNF71",0.087751078284251
"ZNF74",0.417242315085536
"ZNF746",0.250561164464536
"ZNF76",0.167246820478723
"ZNF764",0.596680097890972
"ZNF768",0.769391933052484
"ZNF775",0.729229451776052
"ZNF8",0.223758482462836
"ZNF83",0.431422438994478
"ZNF91",0.121439690811562
"ZSCAN16",0.497089793126891
"ZSCAN20",0.222232600558855
"ZSCAN21",0.096788312944275
"ZXDC",0.314658615132835
